{
  "ise_independence": 9.77863762887049e-08,
  "ise_gaussian": 1.2004651744277204e-06
}
