{
  "checkpoint": "/n/holylfs06/LABS/kempner_project_b/Lab/vine_diffusion_copula/vdc_paper_denoiser_cond_enhanced_20260207_105852_59344687/checkpoints/model_step_190000.pt",
  "model_type": "denoiser",
  "copula_name": "Complex-X",
  "copula_kind": "x",
  "copula_params": {
    "sigma": 0.03,
    "w2": 1.0
  },
  "n_samples": 5000,
  "n_plot": 2500,
  "m": 64,
  "seed": 123,
  "device": "cpu",
  "pyvine_selected_mode": "nonparametric_tll",
  "ise_pyvine_selected": 0.00030537464185091396,
  "time_ms_pyvine_selected": 892.0762469060719,
  "ise_pyvine_tll": 0.00030537464185091396,
  "ise_pyvine_param": 0.0008848131289672036,
  "time_ms_pyvine_tll": 892.0762469060719,
  "time_ms_pyvine_param": 1735.0397580303252,
  "ise_dcd_one_shot": 7.517040785387508e-07,
  "time_ms_dcd_one_shot": 557.3215531185269
}