{
  "generated_at": "2026-02-10T17:26:34.754468",
  "data_root": "/n/holylfs06/LABS/kempner_project_b/Lab/vine_diffusion_copula/datasets",
  "checkpoint": "/n/holylfs06/LABS/kempner_project_b/Lab/vine_diffusion_copula/vdc_paper_denoiser_cond_enhanced_20260207_105852_59344687/checkpoints/model_step_190000.pt",
  "model_type": "denoiser",
  "records": [
    {
      "dataset": "power",
      "d": 5,
      "n_train": 7654,
      "n_test": 1914,
      "fit_s": 5.398057108999637,
      "missing_frac": 0.2,
      "n_eval": 500,
      "candidate_pool": 50000,
      "kernel_h": 0.1,
      "rmse_ours": 7.190805849004937,
      "rmse_mean": 12.030873754921268,
      "rmse_median": 12.063743998778195,
      "rmse_knn": 5.742542255437959,
      "rmse_iterative": 7.285954729042703
    },
    {
      "dataset": "gas",
      "d": 8,
      "n_train": 10000,
      "n_test": 2000,
      "fit_s": 0.2406825679972826,
      "missing_frac": 0.2,
      "n_eval": 500,
      "candidate_pool": 50000,
      "kernel_h": 0.1,
      "rmse_ours": 1.0049919876337305,
      "rmse_mean": 0.993343017986394,
      "rmse_median": 0.9933685850444187,
      "rmse_knn": 1.077600819540914,
      "rmse_iterative": 0.9933825587185117
    },
    {
      "dataset": "credit",
      "d": 24,
      "n_train": 20000,
      "n_test": 5000,
      "fit_s": 3.3507428640004946,
      "missing_frac": 0.2,
      "n_eval": 500,
      "candidate_pool": 50000,
      "kernel_h": 0.1,
      "rmse_ours": 1.266795722252069,
      "rmse_mean": 1.0125809812754523,
      "rmse_median": 1.0126547417624487,
      "rmse_knn": 1.1172957943914397,
      "rmse_iterative": 1.012681541015615
    }
  ]
}